MedInc,HouseAge,AveRooms,AveBedrms,Population,AveOccup,Latitude,Longitude,MedHouseVal
6.5562916044393935,36.606247415007005,3.9256646441930982,1.1633572495953526,1343,4.393475759095207,38.779635415349546,-114.09786885080946,1.3153247557253727
14.334643136533868,28.34091468355014,5.709504736891791,1.1354273143408116,262,4.944046071236625,33.245330255012675,-116.55433324578004,3.302390314579285
11.381918214453968,16.785908430602717,7.364729179382041,0.817949446064505,2074,2.50941903236561,37.672721111486716,-119.85591504276309,1.5020423560538823
9.581889536659993,42.50354600505438,6.6611244320478065,1.0388734793383094,3391,4.8639741989265755,39.23854787048979,-117.07233149965425,1.882473876595719
3.606251645972893,35.92128980024784,7.032805739307249,1.0661369331501,369,2.863186632158471,34.08955238801008,-120.41308004723622,2.9590634377765594
3.6059260245387357,9.293463906589457,6.293916833553586,1.0791759466278303,731,2.8492916665792283,39.91600131554279,-122.09680764392326,2.377370383540594
2.284128764270693,47.45728640918597,6.461382822589263,1.2061206584591326,1005,2.69135486489077,38.04584141488406,-118.23305529267853,1.2210152043942784
13.193377967961625,42.94939938908162,7.2459782578265965,1.173521782708815,3571,3.3949266257165482,41.54610696412715,-114.7540879698035,1.2692138108938174
9.615052658533319,49.43979557788813,4.248340044295929,1.2255335649554113,3353,2.039507651124705,32.90301183296547,-114.74403503983764,2.3816515467325985
11.058979800246615,38.01169492780636,5.447124818215702,1.3354182830794898,2114,3.437990198753039,35.02059830677693,-120.90999457989236,3.9077734022397532
1.777890672993333,32.28417499272528,4.106047209098011,1.3690900171012654,1741,3.395966843435014,38.21476185334833,-118.9593866046722,4.5408409108150485
14.593783004186923,22.330394850821563,7.938340039983235,1.302686153358546,304,4.166656344117045,35.31731916595634,-122.27782306501646,0.8785744801672228
12.737975650805694,48.56915265105468,7.720296698433066,1.4688665871684543,681,4.417774866781549,39.2870295586768,-114.04587335026173,2.2689675840173047
4.366577994156728,45.16925836452083,3.1971340568425295,0.8127628078734532,940,3.041544726093484,39.71055018395835,-114.19826196738667,0.9511050367529448
3.9546370572958582,3.3061521754156598,6.527875862578442,0.9370445899784823,1819,2.558166372730228,33.473901658631505,-117.6801562380718,0.5746661628466905
3.9759608830213566,2.344715699359852,7.626241587078329,0.8052940124846996,2743,2.4076721406098307,37.38161740996429,-116.05365237338653,3.477734071897805
5.6072702799537595,20.19963171078053,3.9028767256366677,1.2532322999082222,2397,2.181183428467052,37.33446027811503,-116.99144830652115,3.211022488849645
8.584211827035212,42.33821986987348,5.839726152763147,1.4286213842649909,974,1.7017665376965871,36.008167317047636,-118.27183870008558,1.233586012166988
7.331257751668563,51.35108259506217,7.577441487940209,0.9704376076034096,789,2.6985679259214965,41.36278619441188,-123.93984603161657,1.5521577489187885
5.431593392673566,8.671261446279937,3.169729892928994,1.4489241813574147,4100,2.4458669224577414,40.3613100387956,-119.72497440319705,0.6066848914003327
9.760014078752123,31.300666482958892,6.4871013362342,0.8421871732026927,3241,4.882460850532426,39.12348912814155,-117.41474382724219,4.257262425624816
3.3831671188025645,20.425433688182096,4.486745036862754,1.4541052187638601,1522,3.451980891875154,39.28610303948248,-117.3859180542213,4.886107682218482
5.443952755225445,50.46563428854476,7.621980976882652,1.0461358810677441,771,2.7154696366067763,36.88630336622463,-120.58221250656497,1.1095679155761087
6.445884884464838,43.94806507992114,7.855291225826839,0.8709945799144516,1271,3.531636603477936,41.24944795041747,-114.61223414009068,1.5416384619438415
7.656944786929985,43.75476394026803,7.721332445567169,1.140110231430428,3826,1.9871884547099343,39.098656558906214,-122.7427511615138,4.407842857761203
12.099875478805684,24.903351149543486,5.371071083287319,0.9797435974043556,1043,3.05415312220771,39.425320085730256,-119.24622581473662,4.669087090802832
4.1955960591378565,22.155794619220924,7.310213254946567,0.999411031373346,1549,3.6918201249737232,40.68606358597978,-117.24571824621636,2.3883232226306466
8.442164918583757,14.943760668466018,7.222746992675352,1.0151029754484007,3837,3.21114241127358,35.103680098750814,-117.180074038136,0.7278011252108336
9.497596679637574,3.875150329197283,4.595502366216278,1.3621181284828645,2639,2.906225802290135,40.16717358673368,-117.68929095392744,0.6772632516176873
2.1270805717199694,45.10084118900772,7.144577370753387,1.1774128936726782,4059,4.978469361148944,34.354785728086675,-121.60947375875547,3.082774397310547
9.701855500669417,42.457951465633954,3.185038173577463,1.0179153894092026,4360,4.581101667521244,35.780748546326436,-122.85983102879047,2.2680279900193057
3.8020756697784357,51.98560133759266,5.981349392410265,1.227233648317643,2461,3.6819208535580406,35.688299315563505,-117.82262656831954,0.6289359240994453
2.3781965053012737,51.828478690769174,4.150044186438516,1.3013054719562356,3752,3.49282076413799,41.795991949696834,-118.2073277805359,3.1246357654065053
14.30995475292,29.327016985733998,3.602834428886394,0.9908368005134737,3770,3.672311679386044,40.637103625605306,-122.61676189196297,0.5508614146506011
14.536032446506551,40.21835817420604,3.3847660081460456,1.089484371067746,1853,2.2045923773785163,39.161113685107466,-117.09603897150909,4.043173811671728
12.413364199572225,49.18305222400383,6.4814438793906985,0.8853202653358634,2452,2.882982101425115,39.407039235346204,-119.72069408679661,1.8789477021651722
5.612285883840504,44.332016924547986,4.699374818840331,0.9268045446742763,2038,1.6381083651181476,37.839691546824426,-117.4885137881669,0.6811610135415445
2.818573539086182,13.61475318890308,6.623833857643808,1.276782497775488,470,3.1644111312038934,41.49736133753093,-115.70764566241341,3.14758499442419
10.737145857914118,23.97775090081477,3.326781703994712,0.927006843386939,4579,3.4005860438518214,37.214458152382434,-122.71785149994231,2.289579864948746
7.442058665484618,7.587130172726244,4.576451689153052,1.1676143685669422,2031,2.2971240763612335,36.114918243763995,-124.29897888603321,4.882101860107173
3.147516170404514,49.65660239019484,5.697456461876686,1.2963323832057028,524,4.874100965079299,34.04883570085011,-116.31942284284423,2.94889398126666
8.184888286502147,31.914906356994884,6.953615824194818,0.8748138461663207,4824,4.683091138280346,39.96895369648005,-118.09817703589754,1.7385763146665374
1.9642450350554483,12.660783080676598,4.59376251466035,1.1971185537402325,994,4.02750132409567,39.47721735471812,-117.15378451896773,3.6924748908528864
13.775825428063557,35.256734904698696,6.129456882185045,0.9795939485909546,697,3.366853200678769,36.15137286597928,-115.69937276261925,1.721714011442201
4.993529751600228,32.52454026335269,7.429888741180935,1.4740488126663058,3162,4.544892058766898,32.73933743261268,-116.07048518434274,4.569094811334043
10.444050838778757,19.266298619674867,6.079315940911522,1.1384819527039474,2436,1.9572832033821201,40.4704746133211,-114.41033845724735,2.1862488672831937
5.708099527207048,6.79143720218108,4.1647973737681685,1.3641947848426108,4788,4.266784279962097,32.6084708428137,-118.87268167205276,2.9744085324929235
8.520918285900446,35.25023297523278,3.12200390778269,1.1851585795093833,1787,1.936872848883969,39.18514790647598,-119.37079585707099,0.7275789672090298
8.880588771134274,27.53569274609346,7.350494369504649,0.8303887729983734,672,4.279737318922919,41.71744254239754,-120.28018440114734,2.4175455707850384
3.995535149594615,40.38823797851761,3.106347054251936,1.2432059629158156,2190,2.4651864888797492,36.65778261740793,-122.88624405013586,4.245635928474478
14.58939247482154,27.528338556711663,7.3735083634209975,1.4659823395446598,3769,4.569817033563661,34.73224734746155,-118.48762405473876,4.125419624135039
11.964293115375046,44.46125651624555,5.6446856701360595,1.2211282741024319,4372,4.8041473283888925,39.19627459541213,-121.59136849457722,1.5094335148408682
14.183235711116554,29.147248777498763,7.695338492564481,1.373432201598753,4724,2.020785892917905,40.26271734914806,-114.82627112176375,1.517355819547532
13.58016923077326,29.6078365483047,6.993916178868327,1.4189445243438854,1733,3.1193646177288774,37.69108800273955,-118.37649655509047,4.177873904959565
9.571649713949649,45.7093337355756,7.989670552666688,0.9596558403642528,1617,4.933455823569398,41.68683511493339,-118.27517810466485,4.686792890761965
13.945302172812077,21.57762617683225,4.753559077258551,0.9484313879357587,4393,3.191926025906013,32.99085285575063,-120.7732910607914,0.929124145728516
2.6946487777009134,7.834776650982677,6.835941444655635,1.2276866921956942,2757,4.522416328800908,37.295558183893014,-123.95411180423407,2.5252638774180136
4.14576864265846,2.4679164919802874,5.00965456804621,1.0877199288646933,3748,3.5605603274596196,39.32531249956423,-124.16669046358362,2.0185442553390303
2.110568400292264,39.51200003935457,5.399378101519544,1.3879029120067043,3688,2.8136546777186062,40.6950844759172,-120.05498098639143,4.418098049558477
5.891959465304069,32.6357871190267,6.13752731609185,1.4300161863786078,1637,2.5002424443405458,34.202928313124005,-123.612063529979,0.8758621160600845
6.7471434108080075,36.9080681730604,7.368385570931694,1.0473949655119026,3237,2.2112808188013053,40.100033076754976,-118.12810696682854,1.4500667415111683
5.163211928947595,11.861172236954447,7.9204173459964755,0.9658093912821375,197,4.16629366982194,37.75071721932618,-115.2497834407836,3.8861075191392245
12.687956373551046,7.954945254925258,6.841367069322591,1.3463678606707032,3315,2.8528917738805974,36.26725997890465,-115.22939442655341,0.7308223204154701
6.316169910363455,1.7417779490619782,5.088833910836669,0.9923642248836952,4630,3.289464117702629,33.75129277150139,-117.58002319361157,2.716409213214302
5.292615880779641,18.879965499136446,5.106785011385351,1.3758300229595748,4832,3.2231391800041367,40.72030970963467,-122.28206576953423,2.4894816560587403
8.826397122636354,31.085802029586286,6.687911507944458,1.096616777554134,3850,3.5204766023159593,33.9940954777073,-115.43853327073184,2.004805305449369
3.402477037159296,21.004446300086347,4.1938857288415115,1.2672849295040294,3257,4.529520009685933,35.442984662486445,-115.19601892921132,2.275575418935157
12.329659240179536,23.311221023210184,3.5523705656569735,0.8668747196842678,4783,4.932587702542003,35.25543255364315,-122.43513735799394,2.8847326411860483
2.506433689676906,47.11209341918117,4.773110788203883,1.236701527273601,443,2.9265447300083594,40.778433324813115,-116.7570260994079,1.226153112747724
14.822973644106984,18.76102881818832,4.436194958270409,1.1162373751160604,4766,4.396316227372061,38.89067844498453,-121.49154473626521,3.0739814522761675
11.925304385504875,27.213463947150352,4.48154060227995,1.2106259242228319,710,4.175847281291512,40.068473273318034,-116.07227672029424,4.124445481849938
4.182661700711328,40.9663036497983,4.168038755249549,0.9176099454214044,1827,3.5073513300945063,34.87944503852874,-114.02900205101217,3.9207241840557154
1.5745485811686324,21.22368189838478,3.2104659481818096,1.3158116214609274,2390,4.846165002641766,38.43630394626649,-124.18472694404137,1.1925495711219816
12.50872928414026,32.72642171162155,3.0893696736670693,1.4039579542802598,1954,2.2016608043494097,37.931586839865616,-115.07765840919521,1.1716226138366326
11.042574141942831,44.980549146084,7.938611948680157,0.951717860063543,2708,1.882424736083675,40.411888579488576,-117.9623793972141,1.70678465485211
11.341596768553329,49.42555180653975,5.138865668679312,0.8670001888641132,2179,4.488866884343977,41.10782707457197,-114.27948249876938,2.1248362685346676
11.912149680260267,8.500747527380934,4.921633235798408,0.8165470102324355,2424,3.037024358218119,32.61548932903518,-119.6174000659725,2.338050116338172
2.49960279841022,48.255968883236214,6.39823641346535,1.249380050310286,4727,4.464390989724712,38.90318923105853,-115.60242672900057,3.5586374757500536
6.33928733534768,26.097930947056447,4.091269439325321,1.2249658252621465,1277,4.6258157181839525,32.99244009163743,-123.84486227971809,0.7550619447462593
3.064232303589251,14.170463803246875,7.749805919751127,1.182688188899849,1191,1.71860157766675,37.71415731823488,-120.97956997417789,0.6560271690172987
13.151896249320513,24.415923568151328,6.931725072077761,0.9623629672811829,2891,4.592126670451212,35.232510925914944,-123.7963263536123,2.263597533247591
9.914524712172032,50.98166133955933,3.4470550115612975,1.0736341971338603,1849,3.069116693792978,35.41437769546034,-114.25889709846976,3.637236614620912
5.967123335510764,26.12352279363635,5.087903878924642,1.2161334346303212,2775,3.2865137115148126,35.853105782797385,-115.92177397364571,1.3704590433041717
2.3580377288613192,17.76633212466292,7.395591537810823,1.1477368012014186,881,3.693073788826236,38.4022782659713,-115.54825207691731,3.386770165653133
5.698261343161439,33.303443570153014,7.723660111457051,1.4914498641504212,3148,4.742339123555304,35.673474673853306,-114.6513650699441,1.6692266207313475
5.889974847361085,13.247426557687847,5.337007556249349,0.8955078267897132,2205,1.5669063305041742,39.460640980607664,-123.60641339574225,4.487387489660824
11.349683407563864,4.8690297335418595,6.067056946053539,1.2866011878333157,3967,3.16895213911236,36.343010162951764,-120.45122527861,4.5306047491997745
10.107025863295377,7.572865817443111,3.8351697304603762,1.0830231376730044,4642,3.9070271485069625,33.14935540294461,-123.75413366503798,1.8377924192659691
13.477372024780408,7.5303377868463945,7.955843130684883,1.0997397304479304,2213,4.029474351943799,39.94571850359902,-122.2866724337247,1.5349718928345824
7.874901489686316,8.747037369127012,4.158358506917217,1.3023184359607234,4070,3.923863510379878,35.21470408363071,-122.09165934110445,2.3508678742980407
3.114522320167073,8.080185805119918,7.713658870675628,1.2847053059270588,2091,1.9705229529284265,36.611285356192994,-119.57437428400043,1.5823921333106692
11.128804627510432,33.684611984963944,6.248233244961842,1.4938791955915318,1167,2.5478845593008845,39.011716890608064,-121.68009724173675,3.5257272948126666
11.770598156328116,10.275884304356387,6.038683974394296,0.8898760026178877,1677,2.755504338959547,35.65833349291277,-123.4397298784135,4.217291080467285
9.0772421671882,18.629031449517022,5.563442555082543,0.8728767545689164,1111,4.315530226878268,33.037563733393796,-122.74134356451187,3.5289145891004763
11.908056929386573,46.7362089052066,4.153349058588793,1.3070371719901188,2374,2.4756595534509356,36.05224994662173,-122.95360658270305,4.209577012622073
8.166240550919275,25.17204365340649,3.8826401600275413,1.2048708419044865,4969,2.2374673735352113,41.472261535595884,-114.28269362192087,2.2864647299336336
8.556893196656919,35.045444664572386,4.102431045350877,0.9919124665918642,1914,4.851068066633337,38.5964767743363,-116.52742867735603,1.2034263681898738
7.27180374784042,9.788313431283122,3.9321913107212727,0.8555935582922907,2526,1.5310214978971413,38.87905191233847,-114.3385046146696,3.8207792632891646
1.843158211045285,10.80673995924221,6.897922367833766,0.8599607747175014,4502,4.9923729948869235,38.50668045955758,-119.88272489166695,2.1221352731369922
2.95653426440961,3.084299429590422,4.7506262958336505,1.425933612264883,4974,3.8688745460008844,34.39042532011465,-121.57713094254211,3.5207187135310964
1.9242940067709124,9.615688216680391,3.289213382816982,0.93430712730312,2651,4.39964254807191,36.47417170897166,-116.11792142930354,1.7178977389179455
10.091540552061035,15.20810729062989,7.845513150704057,1.0263600934808645,3757,2.531167887211676,39.633928084451526,-121.07433386056796,0.865533356630027
5.74380574453041,10.027534698114088,7.4189294248171285,0.9586594815588916,107,1.55010347183471,33.46304252675501,-121.35647457609385,4.9666180796949355
8.365704330723489,5.523829221609836,7.638761415976065,1.0484974140823562,2655,4.082543314965355,35.13960137285227,-122.05868708181777,1.2029067856876967
13.752147398002256,7.152429426130642,7.974539113232177,0.8485966899222654,575,4.419506089502365,35.12503153042561,-123.13837072864553,4.947894472835665
4.865445093509812,24.499717169669015,3.8694762460974363,1.1633418536357893,2311,4.091666461837317,36.604179812147805,-121.80713785932396,4.897759696549013
7.0401694609810015,11.523019638695418,4.981210094513294,0.8473287945145505,584,1.9999760055529352,41.813503038950756,-120.76914264102417,4.072181467586178
11.699940370331158,19.57776291345185,6.791192378520456,1.360249555475653,4754,4.1369977278993915,33.14127419349631,-117.42306081446984,3.467403329368989
4.588775234136904,26.6742808135977,6.480103090268961,0.9635984573373031,2385,4.1912297373767435,37.42765944661565,-123.84306915669576,3.1001317261298813
2.5392287826887054,36.21013626009763,3.7694795316992753,1.1780083402231574,4663,3.8048918048451923,34.203964479115996,-122.2896771335139,4.397456954200257
5.411644614335868,3.0049191318960458,7.079165624953089,1.416055361293021,3625,4.181405764784552,41.72142718139257,-116.0052517769374,1.8024778472876957
3.6764873779290594,41.76993034436117,4.122202859183304,1.255614158333036,3439,4.460725038872063,33.57638329491091,-122.9573198023704,2.6045654561819465
14.050918306624736,33.0229198640363,4.119088074113115,1.1730704505859348,2922,3.6476143998311046,36.33420952243512,-120.90222596151352,3.2872548621492585
12.409625124119628,5.169710629392467,5.684872114467067,1.027033627180763,3024,1.8101164988938767,39.50990735592876,-115.42108132048953,2.35035714141271
10.050950712890717,45.55250982944564,5.964699674208516,1.0331013391407387,358,3.206697333835238,39.19326706626073,-122.87328423299385,2.423689043406206
13.264717967534189,47.96449242712247,5.900431039189056,1.2686408686387332,382,1.7717726713506177,36.51592205049236,-123.63126322600901,1.9862810037593799
12.349573038138045,4.114975952598051,3.4574341869887744,1.4958975528548173,1998,2.926400608613508,35.79197959555082,-119.41235105165988,3.0390431750804123
4.018695794961484,15.12076005550739,7.387304313151902,1.2632874328945651,4235,2.9248727119396967,36.27731759625227,-121.32459513157536,4.327585376068022
13.5495464796147,42.11626526944613,4.328000212943531,1.1904483921590174,3076,1.7310344544908456,35.010624500007076,-118.58421217291954,1.406877701028408
8.781120265861285,39.161244209566576,3.647574606414021,1.3114553571674723,2367,2.7208718688931777,34.450662917714595,-116.06004864992352,4.7049486743904865
12.400442094714844,10.410571987175244,7.443740399344886,1.1256439285986026,3300,1.8884933457696018,37.08887712680946,-123.05994087439619,3.6008944418670334
13.597232548967158,11.676815490172226,7.778257491148767,0.8420996398205497,712,4.328823235032278,35.05107068264227,-118.40265961218,4.204729457060136
5.793046912120162,19.89407724236048,7.310638086327253,1.1936077711145368,787,4.816908090875648,35.23088581652387,-119.19215801590643,3.0028581168350525
2.985700981123636,25.71067224474209,7.04758037362439,1.4703376991537662,3790,1.7531076634027851,38.73918260300829,-122.9871727468614,4.007825156408286
4.577124694316213,32.530993348045094,6.276209903195109,0.9227120596503617,712,4.8429032255209545,41.701104651148974,-117.94801590194568,0.5729017880276024
7.26595514645446,19.814595618058394,5.754286853045697,1.283003423574466,2407,3.329018097678608,38.23455340531406,-121.6267756124619,4.1827119115079086
12.543199339953658,24.589270522790542,3.434933799557051,0.9406535820613395,3113,2.5484798728385587,33.23130493711718,-119.37773965528787,0.6806248658841494
13.119862873960637,39.12101784482158,5.042266065353493,1.175079379131157,1881,1.7690172634665724,33.21804433161363,-123.63614059509085,4.504610193632881
1.5938537621710744,2.870843347420493,4.86344258506157,0.8676735147527037,2691,3.2521849382464625,41.538520598032875,-119.67436739925697,4.9638323625738945
8.395088584797136,13.874284161545058,4.298768918801631,1.1152596553807297,2796,4.28080440571762,35.32426250791967,-121.28213358555038,1.8233035797955002
7.135048542508517,37.380828880112176,6.6171005684429245,1.3293143302266723,4058,3.9748026704334434,33.374636367783516,-115.86499728255379,1.4464335032860713
4.498455441354858,46.655548722047165,5.479378675393854,1.0433000669672874,674,1.6757910401239082,38.19092357792862,-123.90172336652763,3.944135137361183
3.118182459004718,27.095549547898973,3.4052310795382397,1.2654382071410526,2010,1.7551564237876622,38.42466339375753,-120.10462361335753,1.6386185341411394
6.0578048139489775,28.1377877485311,4.1009160097490565,1.3568149725528105,3704,2.91005648921423,38.66079579112754,-119.6864700466199,4.395030724274916
14.22928100281901,6.465772578328579,6.41629381829798,1.4490244736356168,769,2.5335167291678014,35.04031926464664,-116.88743619885925,0.9627916647086452
5.863239582280196,23.818030707996186,3.380654297451501,0.9642494572988175,4464,2.3133451306961677,32.64355150003751,-118.46998046155278,1.0667983837071122
8.503673393535443,28.16348058920618,7.256034570243844,1.0795211410665158,1383,2.4835157461804975,41.66764600981748,-117.49427045946109,4.90618199795277
10.990755945084901,13.365995685371212,5.475732635069871,0.9066912093312922,1023,4.312189601539096,34.883483934065474,-116.34098250065657,3.532275042215021
6.4089996321204685,14.73140477841843,5.40293288663324,1.4947384515108628,1225,4.752298187711489,38.922249736499204,-115.44686877658901,4.310992509930287
14.619058116732969,20.241492318335755,5.9620389232975874,1.4489006775470066,1629,2.9178594308464825,39.21298376384774,-121.20430728441406,1.959482198081831
14.493038481718502,2.023631086664045,7.123404829625746,1.1779699911963917,1694,4.67138850746374,38.29507046225511,-118.85076159367902,3.54417687284272
4.899060993642416,17.426037444742093,4.739046039510965,1.3894233060634948,346,2.6252349543675866,35.47262024502966,-115.6788651763884,3.1740882228886873
8.212854829547204,11.783848356823777,6.390080762795318,1.1646705840904295,3811,3.1675294522032704,35.075414410758626,-114.1107631248669,3.2141755405532617
5.56185718252639,17.70236496107365,5.828659819978956,1.2365099816019318,1660,2.291101492355999,38.17784868567568,-115.16004723404049,3.571396067919747
5.345346674095813,7.107868722781812,4.335141350847106,0.8623871024812116,2500,3.741666147615454,40.72790851931107,-120.59959374244404,3.0891162790809434
1.9979737892861928,46.416891317734645,7.39314993177579,1.3286892943477655,2343,4.926433903111831,41.49397042477226,-122.45075156920417,2.4307806618619967
9.729118508728607,31.27321513125648,6.98713010803464,0.8893994385446644,3964,3.612225836151825,33.5061051418357,-119.36137835723082,1.7416521247124608
8.286166813589631,35.63421827636897,6.292259173292127,1.37824734117677,2039,2.752349294397421,33.97087181967834,-116.71276475572155,3.958615989109409
2.1949631418748563,41.24773316897425,7.2529086454712095,1.3474196613692702,3169,3.7673610609668495,41.474994458439255,-119.32802475709038,1.518225935014338
5.261727267194255,26.420552145381922,7.336471004799012,1.2961212884200835,326,1.9302223746288565,39.49708466918053,-119.42660093520648,3.6155943776948636
13.761589460549825,5.432934692458608,6.541814883575174,0.8253122663673336,3647,4.610306780928895,40.888441335882845,-115.6985805786411,1.54999770192197
4.7340855240041275,28.392433632745938,7.18506664181836,1.01218984916173,364,3.2607938277294273,34.42501002428576,-120.70526031979455,3.3139857647950426
3.4560807732315117,30.928897019064834,6.487357308346418,0.9841787989375901,1495,3.0727240971387473,38.08206577553932,-115.47215591447772,3.8618522020806303
8.1076122637471,39.017413183400826,6.400703858801502,1.0520954852300635,3657,3.550526759587317,39.160826146966,-120.2285495900069,1.4842125000794264
14.80628113049311,23.01463685771365,6.093056891075921,0.861349922734687,745,3.6867435197629086,38.96106291174624,-121.05355239037743,0.7697448538758873
4.7677461654052555,7.506595442573752,6.763583197788206,1.4558704761217438,3090,1.7512153217927957,36.37744106323363,-119.73310593240316,1.0893818434737834
10.573829889979361,15.472571195734949,3.7930255264653683,1.1876615684986633,1999,3.8891602742819082,32.64625147106743,-116.49430693391388,3.2269863527196145
11.781864806937687,19.51719711633039,7.404353795994642,1.0138670174606166,2604,2.3467608811043537,38.0377975396405,-123.17697870742806,4.32250882801581
4.708106843897395,33.94177930791166,7.35921763872616,1.0778870619519985,2872,3.998834213773064,34.904464622206284,-122.43759823334382,0.7024856955594097
11.330920706260104,30.109693538114506,3.1462364151727957,1.113041778353385,1254,4.378871780344689,36.77741533835746,-114.50982933053754,3.8036806656874083
6.465072291709919,19.160933020790157,7.129083752823814,1.220416033352432,687,4.313854776433821,41.597019643296264,-122.65733791249575,2.0359339067752344
10.036128713013323,51.31227768844197,3.6443493373672258,1.1609755993875486,4671,3.433753385927612,36.29083551760313,-118.53886316172392,2.6533776646378513
10.05265109527208,31.894515787201243,4.67559427129571,1.4435743812500923,1921,3.3205946230876293,40.478115263312056,-118.41719810004965,4.679867974305045
8.732958235009239,13.098566378535718,6.717541281458039,1.1478744380340813,1085,2.000065864687941,34.29113575461788,-119.35894314847243,1.9938717713113046
2.718911895734512,6.190906103640591,3.803799480241541,1.4945106103763188,4179,4.213711526410974,38.888374731237775,-117.7301748899434,2.5940162027276874
12.776583690454713,8.795816098400934,7.0898351205953105,1.395997470421567,3448,2.4499328315635003,41.78156606716996,-122.086819379125,0.561570866423065
5.830530877118433,13.543844147609915,7.16067088978871,0.9459573600501351,3931,3.238433979862813,33.4679844582929,-118.69704618834415,0.8671942400217727
4.017999890398032,9.19475003623734,5.537338668804181,1.4514166502507413,1341,2.4949593252463087,32.57903945115832,-120.59218081990758,1.663662160106528
2.0504644109893126,10.514918226616594,3.031929358584168,0.8814564785198333,289,1.968399270498926,36.619036530009836,-117.55249377389352,0.6253350836948348
9.477054733041264,15.539853603386202,4.435190665874564,1.372214795943834,1080,3.703451939121078,33.37994208898799,-123.01715279458193,3.3411889672171293
10.647118884870812,9.842053360032496,6.084634591878711,1.0664363054336061,1798,1.6901621218801635,39.6096513219242,-118.5057871231855,2.4187926056073015
1.723935690526058,46.73503665594768,7.9059308901371175,1.4145820243115486,1815,4.1202583194416995,41.18821230656131,-122.5546612684751,2.966653412276099
8.413256287040294,5.091921028743752,6.159067635083342,1.4076396830752151,2693,2.611553783413908,36.62319924073321,-121.57424783729212,1.285912336533483
4.557692965172162,27.75008086808299,4.299017905320799,1.3641477800823347,4236,1.5004714255156986,34.95776060047669,-122.20354709660238,1.8316941324647726
10.209832670527573,21.930238176472738,6.170028515498057,1.353021305414943,4533,3.2889519873303046,36.6268315305628,-122.58020331137742,3.487210136837263
3.8539467915673846,51.101309462338925,5.699926898579277,1.0132753973686286,1198,1.663981679846611,39.37275426957501,-115.830035008613,4.8438622563367995
10.82765946438329,6.71398401057067,6.8992269757557185,0.8566434981358766,2426,2.4665934523731483,32.586014535013526,-121.50007053956065,0.7268754812099414
6.7209271750572555,21.290635551332823,3.534903194134792,1.082086125135613,3347,3.9744177060950068,38.099812900104624,-114.76520029042328,4.506729443848697
14.145854847945916,50.44299209704381,6.80513951251014,0.9214671604905561,995,1.7194136756765306,38.326271006430105,-114.3157714838755,3.0959654059004382
3.3565327459709087,45.14086342059299,5.7063328933805515,1.2864657622317233,1774,4.437684723246008,38.558038345511385,-118.50176506566048,3.037638050400307
6.10439573917849,42.67067561841328,7.814960019294973,1.04226980857645,3009,1.5133697293050408,34.79920975981833,-122.99848821200987,2.7512534084349216
3.0318925367479523,14.153044179291932,4.709360830193431,1.4829271406019404,1030,2.3638835422066578,39.283500872092205,-120.5672434445144,0.8122733865688252
13.983363846760598,9.715266956893357,6.1631094656697405,1.2486804541417325,4484,4.09316419653225,33.36821912015188,-116.12381123484376,0.904445832812723
13.344081270643244,35.10080421614598,7.660140527550087,1.3757363945440528,823,2.606945524052574,34.393068196434605,-120.64239734868076,3.2041040254658872
4.982211974154601,48.39817544550687,3.5125486399533963,0.892767270919294,3040,1.8566233582310474,40.835965443217574,-123.58631920782072,2.0343135714600122
10.409784621461418,29.39490754371042,7.686142436182256,1.4034101375908357,1189,2.7608187158014976,39.51786993190238,-118.65375843525402,4.627706299599563
12.532499702716414,30.15224716296489,6.439428611504066,1.445930033359376,4678,2.4463765023458395,32.63058276310778,-115.62623105929164,2.329657418117625
8.995210956592741,15.278933776674492,3.3391852955258594,1.1409433431732552,1035,4.449491657561943,34.8595744735131,-116.14277293499322,1.144766564161885
8.650282807806088,40.244139592788784,4.504817834734081,1.2243770564256842,2395,2.596717711548001,34.536861588435066,-122.6612070286313,3.716234750759162
4.765005927156098,10.539231176433692,6.540860443226408,1.3353668606320968,255,4.261263651216025,35.07266011635124,-117.4359715486691,1.8200903964845443
2.7568873653796393,17.50764105661643,3.3367530073438587,0.9223870390822888,1170,4.621552506837571,34.85181781765892,-122.18470523392571,2.8646163831015192
13.612412732369911,22.697258369437257,5.910852300881366,1.1517962535244097,2058,3.0183609685178534,33.09399980955703,-122.2088208872022,3.6402475347732652
13.65564377170496,26.888129312907207,4.729415284764784,1.0790641194406192,2601,4.684801003490373,36.859934907669796,-115.32224638029555,4.551188500409316
10.046869673189118,13.362896353169091,6.104577588837385,0.9024617945135744,4319,2.820613188871175,39.46096801046857,-121.87847599622758,4.064860376607543
6.076902179157459,6.85667806169938,3.2287101690625644,1.057274095604072,3930,4.874274457715378,38.26395138481565,-121.73590286156089,3.5436248054272586
6.214329257270922,32.14162216452326,7.357684030761881,0.8477206165698455,954,1.8125133358395051,38.89228085168176,-124.49313939700636,3.558349320778146
11.300401664748232,15.720158215253043,7.867444845886984,0.8180683348646409,739,3.9045674327613495,33.270917196094274,-115.35797514168206,4.756660898144389
13.61098850935979,30.643149292553225,7.8443892764284575,0.894616402408376,2338,3.2283491415992502,41.53916174667948,-116.17775446130409,1.831208438734412
13.475666727579084,8.872498478984319,6.748259158714624,1.4741805781124215,1702,2.8567708190947645,40.465672421508735,-117.91304618154788,0.5050044238828433
12.028319869077922,25.538145194595693,3.65043120065316,1.184670675126512,541,3.7144915756201033,40.148358025708795,-116.62220947864216,1.7237955172918942
10.167427223082885,28.162061060130878,6.791315979645113,1.476075512807254,4728,3.963499820720159,40.31834614789679,-122.90349004204283,1.480511208320348
2.635889527433159,3.643000377943772,3.1229345822940076,1.1027485148310925,1436,1.515271443776082,41.36074982726123,-119.68760225683046,3.4782556330129917
3.6819876402772858,18.166818187889948,3.1106177576449863,1.0182712931596818,3800,2.0843358106151957,37.670412678080126,-120.8121964328378,3.3517021989448805
13.63048154511557,7.855148523887687,4.618051095747706,1.1542993039881708,1048,3.9956611772201156,34.40267916974245,-123.51534647430132,3.170576222171257
9.686792305404465,4.232123494111155,5.443215952023329,1.1076581820430371,3473,3.8323489475237227,38.35944427459914,-119.3956299052433,0.5730954944425417
1.6241601968245003,51.48797185188721,6.852037089038966,0.8739652789832207,559,4.88116626795037,39.55737418984542,-114.83223367140232,3.7795012450279137
2.8698658286914336,17.440046093710873,6.4164768830325265,1.2485784202831445,4746,4.163632265877741,39.51021523686324,-124.0793792499677,1.9558868561847118
10.457273882958754,42.30359673858638,5.229513531883741,0.9512267277567198,492,4.827704477059683,37.45376572958536,-121.43966040831516,3.49275195052984
1.5683313819239522,13.986673392951957,4.3681333314083295,1.2337115684284807,4038,3.958891755371824,33.15035783366899,-122.32082016984012,3.0046029282596898
3.670908694136232,35.75663883342039,7.985622500788556,1.2551407646787074,1887,2.543182730238051,36.025572915086215,-121.9994601365102,2.0422891644255823
8.907906156448913,39.771620854374014,5.130906511179864,0.9064173971900538,2357,1.8687772278779977,41.247282780401896,-114.96143720526656,1.1055932019684849
10.840585168851359,31.377575771000057,5.256935121648377,0.8429447389774678,1238,4.236383521707275,38.05226464269555,-119.58527493053995,0.9248850394721643
10.301477003285108,25.050385616058076,3.818119105958346,1.346533110247908,3908,3.754522275165706,37.61415346092928,-119.6038561641319,4.241832499005006
4.527635677717557,22.003886621510695,6.974047743749647,1.1218602966385243,4841,1.6686510433765367,35.05410838663084,-116.51395575421954,4.6327889393670105
11.114419488191734,18.79228159369276,6.468411128907443,0.8407146568538331,2554,2.760176630653424,36.0002647392075,-122.87783185794828,3.4240462104393483
4.702862681206801,48.40598635663912,4.103848063943802,1.4964064220188371,1566,4.848799354195002,41.00578784695511,-119.38371378194947,0.9654535168721752
5.892895925150114,43.36158979717418,3.4119052280792133,0.8404463926974567,3774,3.2514040099857042,38.83139895150494,-119.98515525172887,2.309122475997083
11.577633969093325,50.21637244399214,6.402496510373565,1.2865246602009872,1477,3.014551976068966,39.98017675414716,-118.23243774926011,3.7802264004732073
10.270044137137399,7.339158397762781,6.272556071405676,1.4885752476843894,2697,3.101948618057529,36.81628151914272,-114.00464411587039,4.009193978045307
12.964516041671402,38.27424123538586,4.366297634991047,0.9674260729511479,241,2.231089534018073,38.4873485848335,-116.4207866121385,1.0319838003098987
10.377774046054636,48.85536329787293,7.754317811252052,0.8995745580810374,2759,2.790475098026783,34.85964428306047,-120.32241011831701,0.5001382348042209
9.172166145028868,10.242886374448668,3.7552894589045014,0.8849694575957002,4696,2.7943463959551185,39.20187788769312,-115.8106929511225,3.7046167064627227
2.7646093656792483,4.391309635705652,5.16167400521301,1.012292603297317,939,1.6832425706561533,36.56221267018171,-122.70756218521896,2.1046827919379254
6.464163341302353,38.79715311379301,7.718079600837994,0.8707320677074527,3718,4.186486699812714,36.70418239074009,-124.18013129375592,1.645165992282171
5.0802319637032936,30.298128772175506,5.098636584630611,1.2845129391858923,4017,2.9577655116635766,38.668562083480374,-122.35329208912513,0.5580386140528645
4.793860185617628,43.93326761467188,6.192629738320427,0.8436042586910439,695,4.377629603857482,41.3946659039548,-120.92567866080027,2.9313473304267488
14.635642489158016,8.128391207940764,4.987971989813971,1.156595489704853,2004,4.476218003919634,33.1080602927819,-119.13890204667462,4.330178309416918
6.806819283001266,41.5586329048544,4.37107601174335,1.4976877976970837,380,2.2419791914453033,40.33506075479657,-118.0411440243174,4.809342408226645
13.54262849489103,11.28299332243497,7.919888239799141,1.3697791886542132,523,3.80073718759545,35.277639548915836,-114.93863996924857,3.0458522777598014
10.020371450963049,9.34645308615093,5.046670031575215,1.2306536067617078,4465,3.1529863145704358,36.71723481781059,-119.1465328997202,2.815075974829524
12.229952597812254,9.37755569448064,7.470496018395672,1.0143775345506283,4349,4.580548582725198,32.70817662336258,-119.23660573142985,0.882753734701585
8.285600756920093,42.54331073180049,4.149773029455431,1.236727085404147,1850,2.2550923771175895,35.35993773942597,-123.97244839685868,2.969927606941699
9.288202442455848,34.92505825550621,4.065523520125416,1.1689290247381563,4857,3.8723462010851546,37.27499680498624,-124.13342869710965,2.209905855344276
8.148988866554664,27.676336663225086,3.155670414422557,1.09825836872326,2067,3.627132427884529,33.03367273480067,-118.7128203998781,3.2321087639760964
4.135780335273601,19.300354690298626,6.258334126879426,0.8914972637181396,4188,2.5335551715014146,37.16540942914007,-119.89912456089239,2.24926856544446
11.253103556030322,45.737227581468524,4.842631718618806,1.4206229506683266,4278,1.9781031627791041,41.30755097415506,-115.68860585270687,1.5813460555266503
5.290426892951553,21.014700478554406,7.321791249198185,1.1148492541749258,3046,3.7807391616704678,33.50123557202415,-122.81286436052562,0.9273437385276943
1.828265546824627,42.64657141305043,5.366049533457786,0.9362357582745355,1549,4.085091103463157,39.76218691671729,-124.23779754777098,1.917133000650031
10.213875994746765,23.395880337081138,7.840967139573609,1.0574315456141028,2431,2.604695703171725,36.39187500707193,-119.78509293673368,0.9349017542948852
3.890994171995161,20.224165900670286,3.927627578515606,1.089890826770249,2320,3.756914114078098,38.72415028798121,-122.0064751541013,1.2960362787079278
14.196190888764344,24.59666906914993,7.343115839778054,1.379276526896812,3889,2.8829581766402614,34.97224768085968,-123.9790490799422,4.943012713607956
14.37803578953493,16.370271582371245,6.882984263958709,1.3135300663929814,2910,3.996224091489162,34.01517649414291,-116.8917179880999,2.498466006079784
13.850669267976055,39.128078388988804,6.85460922322026,1.3385134255489377,4828,2.197253462129186,34.02439483557665,-123.3282735004489,2.8934229492725745
6.497142453448499,26.638739894716437,7.223916140584438,0.807721885100053,1631,4.61575250922661,33.16967348360988,-118.1126452499184,4.431283379317469
1.7086643231397103,12.842847452487682,6.8051199547149945,1.091307798725833,4982,2.505933587629529,34.26364369656181,-121.54897762324767,4.9800600522080956
14.032300594934293,46.87830323700299,6.131101608157077,1.1369409061447264,3090,2.787250957146535,38.810084157395195,-122.67829147127227,3.122215022051067
7.280486002283744,20.57845229003378,3.656224388411938,0.8134345937761397,4593,1.7033218322812242,40.87606081251333,-120.51260900934717,4.156132194698772
14.54984005708954,28.721195916813418,3.1626308974562596,0.9818692461215239,1243,1.8902927431244674,40.23419401311604,-116.08481934965899,1.9712346095150388
14.508869690704913,47.23007765919189,7.604239239078434,1.3322028761854945,1033,3.3055166594931484,39.0087759438076,-120.38301744250198,1.8758478085128099
13.01562764880936,32.836137791613595,6.08325157260369,0.8959767940102994,1560,2.4365743685479,33.54910270240548,-116.61691868328391,2.3121667444755207
5.475060042939407,6.9618000761265675,6.982686454880882,1.1747170920168142,2823,4.42418079009768,35.24728073981152,-123.18239388360892,3.5262826820314213
6.698819336125991,48.931438304287234,5.4076117575627505,0.9506413104120663,2612,1.5514268602923384,35.443165315563455,-116.38590009351667,3.5698626016479444
12.990345065477568,33.01311070664231,3.5865409448119725,0.8084845422507253,385,2.8268291703517767,34.8745909907774,-122.01220008848018,1.9185774559225286
5.778447069609748,18.080186347511393,3.625928961012752,0.9688410203196791,364,2.680709413691824,37.39255376724237,-117.38737213616683,1.099444658614829
3.7881520802622486,8.102875705832751,6.427826436144857,1.4831116284370376,2467,1.5676467082116037,37.58776124135689,-118.55929367416954,3.3457831540947884
9.016817043187727,41.495284652785095,5.1515294744973135,1.3610759783180928,3547,1.9352893965017857,35.89041676412555,-114.74398046927729,1.0774663798494404
14.138089451170543,32.62371055235419,4.002623633501684,1.4717036510247232,1862,2.9477493622152235,35.86099700799614,-120.4331135612592,3.1032162870319855
10.896402255112136,28.206515690792397,5.457972733707185,1.1414978307484538,3148,3.225026045566063,40.37127818010777,-123.80526551723838,3.6203995762533903
9.195825796206428,46.58852173559884,3.3210446853756705,0.8768153390742525,2481,2.915014115392042,39.99828205903701,-124.29886740171185,3.652751733775032
2.811882665905375,41.21845777245107,5.909857009571994,1.183571642281585,2369,3.358281874442328,35.424060400967086,-115.8179851097861,3.890624497968185
9.802597560438791,8.73541886637031,4.344967022175489,1.1180641341919726,140,3.582960862169885,41.18099021679596,-118.99027580455497,4.427867397045491
14.865726976407554,16.89782545757296,6.987795503185941,1.3910499579177311,167,1.5347333739474247,41.551742661523804,-116.35993745573303,2.749815463841548
3.391134205693074,13.672946130537753,4.551809794617869,0.8686578065489713,1087,3.1243330580872635,35.60405414928539,-122.0385311998791,3.7861213528830704
8.497450306910446,38.94126092120653,5.276100745409006,1.1417687959152447,4108,4.872247343106559,35.86703701353402,-120.87662067211104,3.286277309146265
13.344536471027398,2.7101541715247484,3.058102699540503,0.905034065285789,3298,3.316612980453421,37.30352445750861,-124.18390934178115,1.3398797290895716
11.50037633968176,30.064373928437142,3.3622344389727945,1.027273148823042,4890,3.871397936106336,41.4406477190699,-114.40433059197183,0.6156034019123368
10.909712503436118,39.885392972775215,4.962467782033424,1.3161499541714599,2624,2.5915235027090913,40.82503461485196,-117.48738697964146,1.780436235546202
10.983535133825976,45.71504747484922,5.399694173585617,1.1332126905581366,1185,4.208969823534669,33.4743956445441,-114.70134657852728,2.4936516785192873
6.353130541466695,18.44616918451128,6.000102740596518,1.0631217996020386,2579,4.205225186566403,36.23094206107845,-121.71228772199474,3.2769767499289535
5.4634898975706605,42.884122538272656,4.458312893546516,1.0761333949990246,1793,3.3245361667894864,37.75702630262283,-118.07963208213056,4.324816987264424
12.426375598959934,6.642218584715568,6.474909430632713,1.1216127378841907,2415,4.916048381477248,37.27975848923963,-117.3757503329273,1.3831057251777454
12.43653082816894,44.16906687846043,7.300611985946023,1.34951158068594,878,1.9394257516692868,34.34169914540048,-121.16572814729533,1.064974054543147
13.2054763008314,7.501921778931103,6.899254944466749,1.424459282258164,4689,1.5593168271135336,40.65875932609747,-115.59485303233589,4.835659763634474
13.828747459512362,21.26165181857873,3.1980941267417857,1.46873428055275,1685,4.195553741149836,38.930937438469954,-114.5548046395474,0.986200517193832
8.40312238462266,41.66206365475723,5.4025347362891445,1.3508323703787066,1592,4.325044380777089,40.46012956109213,-115.20902126419196,2.6532098154823514
8.270469978277195,8.645788794787464,3.5246508920908743,1.0207848270236088,760,1.9207253019220167,40.65826065381999,-116.7397967526366,3.1350367795698584
12.276984916051465,12.691821156864716,4.210225079312638,1.2816942942605796,1448,2.429539915355121,39.60938060982453,-121.58662086288798,2.936184894083472
10.27451306549983,37.83488098804638,7.933312966335732,1.1063221868387743,1399,1.5614332717832011,36.67250071187232,-121.54303155789087,0.8871447066482444
10.976552842978995,37.72186336384979,3.7124777145075663,0.9782694354322359,4040,2.5265801377319765,38.300194172646535,-114.38471663531661,0.7566211130162872
12.243201037387363,33.698529277150165,5.49444076725678,1.3886101055981457,2086,4.20599655871535,34.02347135813756,-124.39201279267523,0.9746754235746605
13.515072114537144,36.3913706678221,6.090778671590595,0.8268984442736276,2144,3.3128618469940263,38.89963146601163,-116.98147528095748,3.135144577426756
6.062934617495733,28.678946610727404,6.5123248527205195,1.4312333944947966,3616,2.718334576089008,34.20290592952317,-117.08441529316974,2.949551994354445
6.570369860639244,13.841752004254591,5.798243417434571,1.123034225237314,1158,2.801087532172156,39.09252110984649,-117.96175982002713,1.5518335641653491
2.7687561878517313,18.63049566869989,3.0488542370959184,1.2460410337657963,1076,1.5047376900041385,34.681182527162704,-114.10385711608791,3.369983638305162
9.30678190344835,10.26148355687271,4.632306541219959,1.261547745544048,4677,2.5493018464783255,33.61673735142709,-121.22526592448088,4.190303759250423
1.9852206962560182,47.330978628015046,5.588558216923557,1.4265824184945755,827,3.7626055957327567,34.0702026563581,-120.9302954301709,0.6871053193096719
7.785573244788212,30.752981533072145,3.439332495724167,1.2456687775170452,2627,4.90968055335725,32.518925284581165,-123.67113626906117,2.7415847459661906
8.825702568552284,21.443422254945634,4.753134656045904,1.2297535093320433,3236,4.4647128944436485,39.32802636960854,-119.85061956629076,3.6018968544621064
5.36830690373184,24.562295985850767,3.1660155439568327,0.846656428392483,442,1.582582376259352,39.457809966054604,-121.7589904745341,1.6354036718135918
9.476249017681646,49.31145032020258,3.3928924857751035,1.162885615361643,1547,4.6449621163619375,37.39186682417596,-120.89443962713473,1.884969073819171
1.9117533741771673,8.82092155892009,4.98461638100798,0.9051183005719292,2479,4.24119444654519,34.032946610026144,-115.73699620231591,3.261370563452227
2.0042005481143947,30.89772143285666,3.6635787702153015,1.31620363810504,3759,4.231316432498431,33.293766206351556,-114.67741260796129,4.540708820496816
12.605107568905387,26.800322623107764,5.83770424130779,1.158555344568872,626,3.1029851565125,32.68172518115423,-122.54980274394555,4.144659891363047
6.362573659052049,32.184166007167036,6.447324845686328,1.2761594454458474,1996,2.89301852534076,34.074607681169596,-120.58865621868861,3.124085985948126
3.2153169208004444,1.923619374862866,7.002933495545414,0.8291710304216691,4854,2.5602050509161742,40.963127582339894,-114.74937909778836,3.7859977299076215
8.550284010739858,45.47831935615172,4.00075122122405,0.8593544112320622,2173,1.72993200634028,34.79459999616598,-123.85101116276316,2.141701115935094
11.894912966831246,48.53803240666423,3.837412911295349,1.3014263716438776,505,2.298823772227947,35.86557760856355,-123.53021445483053,3.38434487644441
4.413583871207383,29.821792363049656,3.522839201672001,0.8504590351990714,1673,2.363112722423086,33.500782102572664,-122.7906946133346,2.5978171600740065
9.909021423556503,36.529192017721506,6.182151247718183,0.849879709435681,4700,3.1942697439857053,34.61243239510762,-118.25026524166782,1.3547126140590242
2.6521907774158677,48.04746844004208,6.532378632434506,0.8084759326644213,3840,4.116055423088429,37.432633422411946,-122.92004115443703,3.6578222324476575
2.1977032357762036,37.06917034998333,3.15793072412821,1.469550978809636,4374,3.158334399392813,38.2736504894087,-114.3351979947673,3.004090868069699
8.673287526169997,8.779491188627329,7.681061231218449,1.316255851621305,4327,1.7024555730650621,34.830846984579004,-119.80949746378553,2.1137971187911613
8.798574141736438,30.390706368507473,3.259856418257362,1.0472759859514449,1946,4.852264303458714,33.04845551263861,-119.23406141632326,4.601026355353838
10.105303670225789,31.94246736552565,5.706481676505352,1.0075749069013586,1578,4.799535116829393,36.21481225671029,-121.91008453404324,0.5942035302202997
11.30223300525593,22.630664236421687,6.545302597254582,1.0447922608220948,2495,4.248163401019429,34.72493202380017,-119.5549173494353,1.920979180622732
14.674003072744217,38.558656016860866,7.354845618730428,1.3422574718268274,871,4.9696476554747715,34.58576227068312,-117.54990685731138,0.7559662899994095
8.470054702066136,48.652717753219754,6.570434660662139,1.2629594277492902,678,3.40568816480092,41.61869662577782,-116.61264006198255,3.9493729229973225
5.859912384706821,48.20399415824559,7.008640415348959,0.9296368975072276,3001,4.869689225886221,38.354854616294375,-116.58438513154591,3.6594835435120667
12.2350136293775,23.99280794161074,4.69725096271403,0.9218765347338591,293,1.7646176421586277,37.79034521013491,-118.43214331671207,1.9910849843134266
5.156235392038002,6.7751403378785175,7.074125568732561,0.8688769547993782,2107,2.7798826189147996,36.44986348347156,-115.0042223625645,3.5404830599318284
7.426114179526087,51.22690114707906,3.400574231923376,1.2622119037909367,1285,2.2888344380236805,36.57497116758637,-115.91721760328585,2.2817175178817743
2.5591611481205905,43.78380240874264,7.474083280302638,1.3350608635552152,2494,2.185415794469945,37.638597536461766,-116.55099479566444,3.9031420614009544
1.8422350361086763,7.357796741366609,5.737961880768681,0.9855324998275028,3098,1.9928103211243662,39.11608316684302,-123.91614202235516,2.5438264823151773
14.495753598151989,47.96293601348599,7.0864888498124685,0.814661472721639,1892,3.6784477454809883,39.17038791372738,-124.42778139669369,2.355258775242495
12.785731626914778,45.36471446516854,5.261591422591501,0.8575201672334992,1210,4.234626495115568,34.13109212320177,-122.26930358944753,4.706284619697354
10.895651782264922,27.460740913429678,6.217888475982624,1.4775020243915213,4105,3.524044397971262,37.25107114472796,-117.53300226390876,1.6289559495081511
7.0208647495926435,31.155047222991392,5.632013304680566,1.0068113442341942,2361,2.014369483558734,36.41360190282397,-120.18242636673327,1.0420130299845445
3.839473320956418,21.349137897376643,6.657947608776659,1.3384562034866936,3836,4.338933194767148,40.77000617955915,-120.27473427735723,3.1304440096675616
3.6119000760596616,3.792843579923598,3.408149910152948,1.2372644981979848,3893,3.7258414750730497,38.49847975157458,-115.21183767358906,4.861948155278805
4.878279125222036,18.095059323940948,3.301760419952819,1.067357747757027,2036,2.8585799714444846,37.558788630951824,-115.09659009461569,2.20027646177234
8.914559973532626,41.945525878498586,4.235516170050732,0.9439810835368886,4975,3.8594560343762203,33.596249100699715,-114.95365972743735,0.7791654363295168
11.147044956450841,1.2362331732347458,3.7977234005659417,0.8849704927115846,4457,2.4096674273499152,38.25355994857241,-121.20428019659221,2.0268737028930532
10.412664585689372,18.008457756248355,7.3589178329610085,1.2305090776272067,829,2.708172729729737,33.61343710396222,-117.24391396623776,2.776692444438013
5.279107608770229,21.30660337313811,4.096069936790221,1.3422436464464516,4478,4.711200450961966,35.703462467874644,-121.64785159661912,1.2286535298449617
14.39068128895312,28.407175749834067,7.879326279095657,1.2507329774787914,3551,2.5167657698499712,33.85699866573615,-122.49859675271827,3.4614599812542144
11.461608375392874,47.912636437050786,4.684478958855534,1.1712114932744109,4557,3.144958938552778,39.0746996467315,-122.56135919785262,4.989872250545902
8.98377970890391,18.663645712664025,3.9105895784434965,0.8293658564021454,4636,4.615493980886051,34.459395081443446,-120.90786998093226,2.532827641916497
9.758230074163755,18.69461329670761,6.948492535712395,1.4779421443160685,2240,3.9770247259363463,36.222664045286244,-119.98544499231187,2.096278505285957
7.1646008427751635,38.612563653597164,6.29353887750438,1.3590999341582022,1744,1.7177112915764596,41.0089103873784,-115.77503370392178,2.3031687507550997
4.844368358265626,24.063114985380164,5.490978582265695,1.0049754256906753,2900,2.0155606549763965,34.441005642290214,-123.24114351853652,1.018157802778405
6.305631161792031,12.45484596993908,5.776817754688157,1.4859792305511954,241,1.527445567701709,37.3241481076084,-116.7832786023536,4.4747312064180065
11.730922491268982,24.074415322767365,6.596008891361319,1.2213171127454254,1555,3.7082262658020717,36.483080781077206,-118.91972340101229,2.366715449846084
1.6943120965017042,8.183708039369794,4.142273706656494,1.2076958607450725,4896,3.066856988936464,32.67217838993443,-121.47657390190209,2.242734851411786
3.066980646843369,9.995736311817389,7.981669580283709,1.3236512256006725,2196,1.9699619781579645,40.03120207894172,-119.32539436240535,3.4686062281871344
2.121035667293662,26.416756409713468,7.873965810733916,1.3682388516630963,1425,4.852769423698696,33.155936109988694,-121.35060826734126,2.489150394190056
2.049838831306097,22.365197924731945,6.251628431734685,1.2595350251320518,1313,3.3538090338096698,37.005422699281056,-118.24113946999779,3.4170506096353073
13.048717884148598,47.6571409544731,3.9977122546457258,0.8896670224563401,1259,2.3466265293951123,37.82644380192002,-119.94463881001994,0.7765083055885438
10.99938110163032,19.482088854948287,6.401141212156457,1.036787254196149,4750,3.2521124990414765,38.470051337838576,-122.77374194467177,4.161755046750024
7.9013466926788904,30.610005864180216,3.3609920448958794,1.4496585482282347,4599,3.8786711645728773,39.04200047842482,-123.27587771716519,4.732267787957312
2.82076116878852,33.245478683896046,3.1532625110290304,0.9572309282906963,4797,1.7668372629074756,34.906087643465796,-118.75969533824264,3.419444237717237
8.136814314077236,1.6678172860050156,4.288414442556069,1.0605169166862594,440,2.461463352667622,32.59479837825527,-115.02466315049591,4.795546679864648
7.8918689055376365,34.84040597285224,5.313114783696582,1.1024538180609373,3928,4.324379218093977,39.37271479237167,-120.8884442911443,1.1814454146648348
3.838225243785205,10.079834310357322,7.341362527041903,1.1075834927861166,2068,3.1088270464093144,37.588737693801995,-116.80349887416246,2.6483728526615917
7.356997264712636,50.01458619094221,6.63584534883154,1.229057707746168,803,3.4130199971130324,40.443118180468865,-117.58405577313245,3.2081303027545127
6.879813914364542,8.58179911540876,6.713532605999905,1.4601530864212955,4513,3.014856007733142,40.3031894475566,-114.71867339975044,3.11781491339534
9.813976323704923,22.14583031007821,5.127466672240377,0.9684848982827535,2529,1.653649799250518,40.51159859398489,-115.87969931835902,2.3065780059006946
10.07376428671319,5.352833072010837,4.729674962734815,0.8850509634106427,1900,2.0801242293705458,37.10839926980563,-118.55064478149264,2.021379842148176
2.111604131922601,51.84058684414332,4.855193814923013,0.9382293429019561,4748,3.059395735596618,35.66946976045023,-117.60117976854187,1.0707081014768847
6.557270297457362,26.611945526893372,7.938247818680289,1.4208474301464886,955,2.2321491289277473,40.01980292461801,-115.06694210086764,2.2628410275302517
9.949108862142191,31.364635883322233,3.2005459570624124,1.2520675688586442,1912,1.6749266003088756,36.78729407377792,-120.30505276183719,1.231973667974683
8.292339490831184,4.420900346809802,7.335157480612243,1.000134752467412,2966,4.452773824181383,34.24270086583263,-121.06865558849334,3.8046455442149827
13.062612856042351,39.247983990358065,5.893377042861967,1.371162857278032,3742,4.934173852074405,40.622253185834005,-124.38648362183044,1.439739209725655
10.392364026855757,11.705185247874875,5.193077095947952,1.4029589974544052,282,4.276000058988588,40.8843188293373,-115.82121372098962,0.7635438737804023
3.699614765599301,46.8007687614764,6.626288302075682,1.3925600370831948,3212,4.488247225966335,36.92994268333162,-116.08970264576467,2.9856476201775544
2.452678089905803,11.462121664582366,5.433344707123514,1.443248573547688,4592,2.3469199561096588,33.21914740944298,-123.4032275599484,3.178533797237307
10.17266025578526,10.725073753846996,7.367116190408303,0.9765687141213532,1617,4.8621944142962,36.18434785421085,-118.44299749810665,4.423608775762275
1.8579026923118944,2.8640330602528388,7.503509320056293,1.3285293501223947,1456,2.1892399655869994,40.133607764894734,-119.62819216924768,3.0964172558795684
9.407970347191753,25.075414200609963,5.108604634367277,1.122377648091898,2274,4.830004336266413,41.066853271189174,-123.25355449715433,2.054663841755506
14.193108259236928,29.806897796393436,4.384138986175258,1.3893989870230432,3729,4.981867528880828,34.43299105372716,-114.2040336158624,4.113553466868442
9.268901401324367,4.35114061084597,5.961751642966811,1.3099434740131293,3728,3.9910298201111707,33.13624931424008,-122.24569318163476,2.9312550193433946
6.740294003788046,40.55190845144554,7.561816728083455,1.3435132125498073,4196,4.934003061271376,40.83482930476197,-123.7940411090491,0.8567612808403628
10.184390948971767,24.11773057214941,4.053310945028333,1.25931328637675,3339,3.4933892284848627,36.19934692029931,-118.25410251522995,3.04632752140961
7.686414021635475,27.74390373570658,6.114832917817414,0.9242001386287948,3791,2.408396241116316,37.64672916054185,-116.74189989010316,4.586083454397481
8.865826655765122,23.478900093849635,6.157801100462603,1.181518843227857,118,3.0294855998296732,41.69662521448221,-124.15934381650453,2.2834068147419924
14.20977491848309,21.438916104641624,6.665565112076405,1.4892688176671558,3503,3.577463273825751,33.132364915185114,-117.58346479336626,1.8334661085491004
6.712385610310452,29.54165689671911,3.657838425636299,1.4561716465479833,4779,1.7557854670945525,38.65902107079491,-118.91093530250973,1.1456125565810902
14.476072611622842,8.917252542466338,6.579124823410442,0.8302216150579083,4651,3.6782014261603613,33.20400151446124,-123.41571740681199,1.181504848709108
13.722233666406861,10.278334655258828,7.545162603328205,0.915370371010606,3104,4.934122428668031,36.066954820431754,-122.6884992920632,2.447471679538185
4.143180319655502,44.95106667168938,3.89841554435121,0.8922101414181933,1232,2.1653767742430468,40.136238179337745,-118.53626987818116,3.180559208726883
2.4363775618147336,49.25188856881527,4.187716624619388,1.3081859369897069,3439,4.274082907009341,36.617986211178525,-121.38824505811047,0.8627693232632079
2.86050301859526,20.0387751302674,7.856975470208198,1.3724497308998616,3411,4.677645778228667,41.97323236207803,-114.64768484916118,4.728058650613246
1.7459946462959213,14.807978330321243,3.904884763547449,0.9494579564174703,3472,4.802955574870773,37.81106320699272,-115.90322759041747,3.8981012785033817
2.7749799702050333,33.8439767051898,7.271925466847896,1.1540968850662803,1087,4.860474615419065,35.551040450041555,-114.17254433160653,3.139807632276482
10.720591441120817,21.845442726002915,5.461389282240174,1.38849211960784,3421,3.325108735525152,34.591057596095155,-121.77345619102066,4.227974019225458
2.4610467542130916,2.294704138677588,4.236155372015885,1.3129610813363755,4715,4.920577677970263,35.829945075718534,-114.31790185562124,0.8608404056545098
5.806171008965777,8.963782465675708,7.353749506362557,1.1795660438442939,273,4.1505857249705365,36.03906610071573,-119.97204436718864,2.6457749497990597
12.905816698087637,37.514583671217274,5.2265262750133274,1.2132433833211411,3841,2.0658500268293665,33.15277993837763,-120.85105264920557,3.335419070877485
1.8141711324336491,34.60512103741772,5.574086769648451,1.155852382841396,3152,3.169150372637895,36.010954894554345,-123.97132996682178,4.228938077532302
12.495324514950633,2.381895617677658,4.796166846998828,1.0082839159231745,826,4.014159113802014,36.91026593752264,-123.94596479247417,4.025613020221705
5.3050394594408985,12.32058025858042,5.964754257174637,1.1955153950013113,3860,2.3656911053667917,39.36600864626865,-117.23388181256013,1.7468116237102984
3.095225172892359,12.784814625991642,3.8176193629251136,1.2822197114350635,1975,3.7421531424211056,38.73893010485528,-119.6917455584427,4.7339607630164195
10.905951732416034,35.26652992353515,4.955407683258803,1.4113260411025654,4133,3.8331016766631674,39.23327372467696,-122.12152292662088,1.0595562864389165
9.990728431528433,2.005237425472572,7.847061611676438,1.2454039477854737,1089,2.0694491033299807,32.579454977830146,-118.05331178358506,4.438101283795184
13.345872182615215,6.309537681213266,4.2906671635056375,1.3327850759302104,3844,3.477798593584647,34.56784029601509,-121.84498975837383,4.869231123220784
11.423459091352457,41.79572035403266,6.283683322706461,0.9120501444682011,2786,4.2006941884251265,38.78600073979864,-118.43486657938357,1.2971908545018151
12.346992560195456,10.105777764771014,4.625950321123474,1.123090232093853,519,3.2461348258757967,37.097898997707595,-120.72830815668175,3.7492972889170337
5.307466729712638,34.29005150044561,6.867365628433003,0.8065321338789654,693,1.5423609087163759,32.55047801884928,-115.8527016205759,0.6812848345009931
3.895433841026258,13.147321833383053,3.654368303591749,0.9726752051651362,1874,1.5316346417775226,40.14269910310231,-115.88269031194882,2.3244027131261973
11.633299147151588,6.071511030726603,7.849105225392724,1.3085232005791034,2559,2.7496027038950426,39.841690946258204,-119.48782081971478,2.823274846389533
12.392268980108064,13.401781740972158,5.268947706918196,1.4942669659445544,1035,4.741679239511237,37.709982048438846,-120.81639935198234,3.112903516593353
14.871819417009089,37.83561352463862,4.18025231673232,0.8694246697110511,3908,2.3003687286126304,33.13140159487458,-120.6931221361295,4.711717617118518
7.070338638304257,44.64051987342057,3.367483736650063,1.0810460211029018,431,3.720272911050905,39.781892970559554,-116.03999748048372,3.525128092823876
6.5222441582025725,43.34121309291657,3.8487895254377036,1.3600496780894118,3549,2.277265547426622,38.04527908344796,-121.05411543062507,2.6657507804865666
11.981574970016958,21.256360010541197,5.598869742780089,0.9428249442402292,2802,2.6258449638084205,39.92861978300061,-122.30487657607812,4.143537663196502
6.100847793415741,35.07234196510296,4.685015882156431,1.1885594645116004,4106,4.4681473136051935,39.64159642776048,-123.61077241030928,4.77739769429484
14.065223895648124,11.45419906620687,7.144416829413047,1.3131499072207724,3968,4.051015047944814,40.12851968359945,-119.59972223071371,0.5992976690703088
13.08857214988066,15.950534243311676,5.1544376183090295,1.2311898151821254,4300,1.8338974705962372,37.421076630843935,-119.43761296134166,4.921345725152174
7.291419369562748,46.71312674457711,4.24357136293815,0.9316173142307913,301,3.0004570734525178,33.83308292283839,-115.67045854076947,0.8875946257865615
11.636759415185214,1.663098099047538,6.085724933020151,1.0487691980800176,2597,1.6020941727584257,38.87599599710704,-122.17699368731633,4.1647405067094265
11.686328800143212,5.360935073577872,6.533886084427229,1.348654249139778,1942,3.1831155131105318,38.39450095799372,-120.4995916264818,1.7615063864813563
2.89217222928509,11.602199012447393,3.835209539504749,1.1879585598924116,1966,3.8185190409537384,39.55140527839133,-116.01173974161624,1.0948084598924228
13.68446424017415,2.3531423975648056,3.8380960814415883,0.803660729480039,2096,1.9147591825935304,34.11386955748198,-115.85195208713577,2.4793503787122573
8.320907028046072,10.253207189579664,3.1833571346677147,1.3326935320196656,1009,2.5110972861820797,34.35226439905275,-120.46158370222294,3.397804607514261
12.657175792454511,30.7351196094543,6.682010075328202,0.8247179484581674,4405,2.892428189257549,40.95889041358362,-119.67919775548985,2.2142833026056374
5.8206696139132585,22.492652080217397,6.3190226381090255,1.3220136479118625,4758,4.7183585862961746,39.62478908529467,-121.31549814608253,0.7455443372721453
13.589563584698706,46.52625726492572,5.373154378749069,0.9417363921156663,3289,4.976392553980374,41.12817064265307,-114.70817377659722,3.1975751284642246
6.754222662911202,42.689621648660484,7.220852244845986,1.4706514360835663,870,1.6571895464846556,39.707795551057245,-123.2542404597134,4.560814742498036
1.6463082949840278,18.432684936591674,7.028350764750266,1.057558525911459,3255,4.163527732233872,38.17297540690787,-114.69563105848457,2.2244691467626327
13.722656681660059,14.230595104995917,5.926771821983761,1.0288521314366554,2601,2.8010342324082016,38.7142610017648,-117.3194022557289,1.4734974993387215
2.7323701366128033,20.364312816530614,7.341356402566293,0.9042216352327113,2814,2.87360365180318,40.946715277430094,-118.91849239678932,2.4915980566976694
5.8107341074706005,31.105042068255194,4.029206050183841,1.0139229508431504,4824,4.1399274067145795,37.99866416786344,-124.1570798617628,0.7176321997195139
14.325836555185866,14.671245681966688,3.5595980969886396,1.4136555332797403,3685,4.71449251250893,38.50771758111968,-119.50623998586892,4.192194130161237
14.333196483657007,32.83159430030584,4.348748057584948,1.4974340363390732,1728,4.828250080758919,33.98652880203421,-120.21864489747131,4.218533649275841
9.241411489664362,21.87999426175326,3.2854342804465744,1.0578166713547938,486,3.5199290511341226,37.002251591102976,-122.80720247426122,3.1460020854333277
10.02980236429229,29.15440622345099,5.65584764000516,1.11402744166818,3521,2.74992405755176,39.30577256360194,-117.6076991632431,2.0889630002227526
7.554014546707317,23.242452985901153,7.683028461474807,1.3054496567419158,4108,4.256421800505727,35.07395563400547,-114.302915472633,4.099025140006026
5.458345417923871,16.0177537366378,3.1967177033425482,1.4203370463255522,4193,2.378504841418051,34.42141471498308,-118.59701748382248,2.9960916115476524
5.936971362493866,49.37111865506999,3.610549570050134,1.2151310339307488,4463,3.4742591009173123,35.48135467813195,-116.99509059733857,4.216695388475073
10.578999157040018,39.943895502147804,5.260995141417176,1.0740679887244806,2566,2.755024615337056,34.79425596593192,-123.78127024805683,3.341564566623593
11.65705614740868,8.145771964089079,7.669375087639525,1.0888352885940367,2382,3.7982087579775663,34.54167005184576,-120.11449654392156,4.029824629457588
12.186317090298955,45.291866770793554,4.580780524883752,1.2869327025477648,1956,2.341396195127274,36.53608300724682,-123.27823590577279,3.19353346947992
12.159844927726478,25.858991110725196,5.536174043441962,0.8022527845229951,2098,2.1705753100718903,41.12446588189357,-118.06564372686664,2.3636348069704978
2.73128239115732,46.62216357159866,3.2078642952519605,1.2337125362218884,1336,4.71383680336403,37.31706664401782,-114.64593733875138,4.810756369667619
8.17467411348485,41.79261805331308,3.7417160048104443,1.0488451073089502,4769,1.8563128903233792,34.28524361774557,-117.55133380904779,2.935012211954801
2.2770432602246977,22.685888727930905,7.933150614794235,1.355938131893959,4244,3.270852677072261,33.231230859118305,-123.69356799269858,3.2229028334324226
8.91863991137043,2.145934724325987,7.825593482180228,0.8650934478761926,1250,2.272984740370531,39.11348337881029,-120.77600484765664,1.4921943773663715
7.460661768540589,14.702545328632251,3.024699904672048,1.2117415868638735,4418,1.636254871639836,36.136588262145686,-118.71803451587105,3.3154285524227443
13.484006467237046,28.62334494770421,7.759058927116195,1.1366810229202866,1531,1.6260658640199923,40.30739399256091,-120.26631856060085,3.0722344226732474
6.237352669453062,33.30738921113351,6.195599689077502,1.2496278681336592,1919,2.113276202370396,38.765352302087315,-115.74673789001069,1.3317727907616121
3.080404721772679,14.152271957093317,7.339591472600111,0.8453975161380779,2424,4.533696240771,40.064293780143004,-115.94595445054512,0.7681419380891468
3.430387707713284,8.107159777714031,5.273699278169295,1.205988651199692,1230,2.488675603919593,35.08348737447526,-118.07577428891618,3.2196169387164697
11.780393528185876,43.581442076764255,5.577980142896251,1.1930392115716666,2758,4.826607097013535,39.077409763380054,-120.57869157610659,3.9366152120764424
9.845943854769525,51.204511215881155,5.444232901284601,1.1924620660913197,3600,3.5356780254621776,35.00858885459033,-121.81896807548594,2.855306169149037
2.8651561276576683,27.810199297436977,6.334321287730521,1.2224413666175185,474,3.028149664190681,41.42115055477777,-123.38831965876214,1.5204768139384057
2.6354418825524655,9.755643578263479,3.6982562737815643,1.2735275560584536,2220,3.530310921343091,38.545555674567055,-120.77357432339119,3.4993488951186573
10.96308327469812,14.887673652487816,3.1498679493633897,1.3634922997765389,4120,3.3084443482919372,35.582862101665754,-120.16168856931894,0.8604757697432102
2.4823005859166125,1.9379245039208035,4.539649707955954,0.9888745040897501,2121,4.1557168881506374,35.06036269177659,-117.40385928640723,2.4882516716087957
12.595110800419809,47.62923913458545,6.523403813683234,1.3775345871260436,3805,2.488736230904983,34.31380255818061,-117.58932184487549,1.235150412792891
11.034270066612699,7.005305227397198,4.009267260614742,1.1487789775844175,3359,2.735676370601058,39.099089109490414,-123.7638645337668,1.3300657297694751
2.598208538665647,30.40234025122693,6.367162166624587,0.8539407953940319,3535,4.629330058866378,34.57779832348031,-120.34977718797285,1.4103227712119164
2.6453091401500908,14.976816255047506,7.849560230536352,0.8409856504707854,1989,4.812597796026419,38.15538102631115,-122.5913218942177,2.2401817566979005
14.819634309765869,29.263078128305462,3.469503578947092,1.0339668230872425,1923,4.623953796202661,35.01403275579089,-122.85346659417354,0.7301759252917893
6.552655742707624,34.22243980594507,6.363010591125631,1.3494278839780272,1574,2.9680679788505975,38.78870497554175,-115.81332742775892,2.2900704841809416
6.503668985403027,43.31683198906728,5.218751096522856,1.2953766543186411,2342,4.231279260524086,40.241927421135124,-124.05989022447929,2.802683512016154
12.472794157976285,11.527484859790764,7.3407112718875265,1.3520304752706847,3343,3.167175066553846,39.89123980987421,-120.09857980302773,2.6748242823484634
14.287855794682093,1.5607872615825045,3.8857489472369293,1.1620883395091266,3234,3.241389482511358,39.72808764384243,-122.73386161445156,2.2225284518136825
14.811014361608757,7.981167133509171,6.463129761130823,1.1081392985688434,2170,2.216380381700494,34.283362854076394,-115.26703273537602,4.276159736318386
11.670605500995713,46.90095073425336,7.190576448240551,0.9032167686943988,459,3.5689560614048075,33.33965699635293,-118.65107461061213,1.1539701158922684
6.579504404667363,45.56839395568828,7.723071097370116,1.0297349275265182,2141,2.1514756421367176,39.14001387063016,-122.0705033180431,2.7756353470161828
2.627259675432028,31.468068210685722,6.416240141448229,1.1038135563217126,1241,2.6604764467351782,35.999298531046335,-119.22451348475305,0.7791863763044944
11.991483365020397,31.626359882116322,5.485873820042137,0.8620203007757321,1735,4.492605705669773,36.6072891508318,-116.81939322311729,0.8202005549505939
9.038457371433367,34.91687040185903,6.089236201006069,0.9544283668978479,4100,2.224765332237993,32.79591638153722,-114.43976090634595,3.0823963235469334
7.22699712483418,9.94393520979593,7.344524922393591,1.218757705844617,2043,1.7490539981070148,34.96597626811297,-122.1853169554231,3.047082911995194
13.735784198778935,47.63500924217295,5.853048733194148,1.3149641799674328,4874,1.7415265741448571,32.81992583680741,-115.19509139264187,4.451150807800056
3.0011660111330434,22.35729676949573,3.1519352984841844,1.4988432579750648,3461,4.792745821760878,40.85226483971185,-114.68980680124135,3.0104315404703295
8.150438907926599,20.54006494072437,7.654743477534889,1.4531793319404904,3080,3.274221532866421,34.81226849057604,-114.87758428241331,4.8190595918218255
1.6532742043601574,27.464802969424714,6.447633755157806,1.2497956396746341,106,2.932942251359564,37.79470311094357,-117.82814925294994,0.7191268177996839
7.8269186669207045,3.3952643055278076,6.382566928886233,1.0948736373058505,3367,4.338075033527715,32.87030354628074,-117.88688312843557,0.9410345815133347
2.2600942217048043,9.48045180656005,4.078375761988585,1.245324155295763,1691,4.425390747686806,38.835050217403754,-120.26628835156986,0.6982963770667163
3.104041869618971,38.63971443774489,6.294427351163286,1.3499561326561624,3364,2.6626686159046162,35.56875978466389,-116.59982223581022,1.33374582650093
3.086604331490916,5.22273206418145,4.969322028270792,0.8828353336463711,2706,3.9276632011582833,41.03023227609783,-118.92141280731522,2.9357154992375514
10.264339078566858,31.760757582785796,6.25616488520746,1.0869334227874017,3319,4.1989298554816035,40.93712279487334,-117.3869002521029,3.405074816423426
11.571605870083214,13.512804593747369,3.532965151539954,1.387861599944932,3373,3.791277404030841,35.5902608744366,-120.00119200958764,0.7051332107690096
9.375478328811655,20.854076316140805,6.289226523015181,1.0686830663531308,1013,2.030582761800348,41.05912850905945,-116.81928712754704,4.756869004305197
14.489329404406316,15.723380575305693,7.997068628853333,1.2003105898590305,2111,4.565590792309699,41.9634978982384,-115.84304906515223,4.2897441949267145
6.560752823570005,19.139308539712406,3.24106019430278,1.2114385526035387,1542,3.3868309345760306,40.34144880917751,-122.96241930567044,1.834756169706919
5.35711316480512,37.67134116439652,7.885870921106586,0.9291333771935476,3154,2.488653492295013,40.526277803674674,-115.7542379864706,0.8473438860191058
13.226088230557714,16.153207496781924,5.0345398036143525,1.053564809156602,3646,2.988298649031929,34.865582993036355,-118.82688641620177,1.2644918294857577
4.51854382001261,29.886636655141757,7.353767251686296,1.0341579021193525,4321,1.6314988163961759,37.97867278914868,-115.63100795455264,1.071249861897377
14.503504282448253,25.278570512154083,6.911927420291367,0.8183376959724454,3028,1.9475338042784616,33.138931182689994,-119.97133208341934,1.0547770068452609
1.6640854083125207,34.84722943349505,5.835081304933339,0.8169342347239488,1929,4.179413626805513,33.40172039980586,-120.52007490347813,2.833527598995803
14.593364160553127,48.77831670556266,6.692246046256633,1.3821879305730413,675,1.5000407216437814,41.98947981431626,-114.89186230856916,1.6063134912203014
2.0826588113327773,38.36117695772276,7.39257780650674,0.9911495669809687,1029,2.9579803996880227,35.60307286954615,-121.86272269074179,2.1116287243811502
13.53043203492396,11.961959308128595,5.020701608255164,1.1626551363671709,3859,3.3287856337995594,39.607747164464044,-115.6357705844955,4.952774000229451
8.623964972665048,2.590339888125518,4.635165807816193,1.0091079015121411,3799,1.691220470003403,40.16331800375475,-119.41778398865125,3.5794141201640515
14.905024747610554,14.375466259291079,6.337966927817924,1.4584754715807384,1563,4.905773570403165,40.65122107456868,-119.10199785321177,4.770413001711506
2.4962536239278847,31.348974465712995,7.039229709706293,0.9815077312060416,3375,2.291438659373852,41.977468825320486,-121.26108304436042,1.14150449764902
8.97703283941783,3.622716487696768,6.811425673883079,1.1007597689172546,1154,2.564695518726983,34.79421660994024,-118.48305689350033,2.2196276367465617
14.585584230857837,26.314678607263055,6.989068244293172,1.4109111753392214,2000,2.5637987928925954,32.88333285516715,-121.08528243909979,2.9962931147705945
8.561820896297009,31.43898529476135,5.177916574064665,1.389353496754266,1557,2.3064583174107245,36.40631942094856,-124.08767115046265,0.8454112784993211
9.996881614826044,18.046438431665003,7.089171080875108,0.9302709924923942,1499,1.50515837730209,33.735766363375,-121.64401464388426,0.5188434963258104
10.892607301292331,40.31652239103692,3.6010452768530423,1.3618503168569973,3515,4.052706779307988,32.713045947039525,-124.4330200442308,3.516954502086129
7.636304374364938,6.436510909822362,5.722445489804247,1.120730820716525,542,4.883959249297499,35.92405485784412,-114.22727473590301,3.388187825606459
9.972034081134856,4.832026868526247,3.028793302490608,1.1380782104597487,3750,2.2850271914976577,39.945513385214745,-114.35965429689266,2.348549644998253
9.388243210961853,38.13762656638377,4.622929149501351,0.8934359806911607,4752,3.8206651713119784,37.878716566638175,-120.3508693765408,2.7033983421441468
13.665633141628351,26.27005712651612,4.83230767435699,0.8564210596299873,1278,4.096637144355503,35.47139089749837,-116.85210602943371,2.3694935026644033
2.113526134609681,36.10852221781454,4.980863458046277,1.3095575148816356,4558,4.4694888268168365,38.716249052180835,-120.86903596669053,0.6080227018019999
5.29300305949511,23.176194268791058,6.477336033449311,1.14752280664871,1357,2.9792021895476317,34.704172712933705,-117.45352185059726,2.009172227978581
14.330555035033543,13.566503695194447,4.942790506351729,1.1057954918306256,3734,2.5602581697415023,32.63662373768481,-116.04298454801722,1.2968701492878043
13.51856108252737,42.77421820138419,5.2434681131126535,1.3106557600566777,1941,2.638532969080609,39.76135717114606,-114.55905943073148,0.9429088509561594
7.6513661626071245,41.77020982741794,4.187720654371637,1.3358590292937769,2409,3.994174665844795,38.425559306208086,-120.29777110357844,4.805241952502074
9.871790070320746,36.42952001357577,4.8662589581467,0.9112357173685475,1010,4.358728132769726,39.74187493275912,-116.2753711789615,3.1971187626897453
5.244645970245291,14.879401998728097,4.136348136315757,1.2271576046343489,4440,2.1356488871481094,32.86991115853282,-121.70775126836276,3.7789532790647122
4.039635656270778,31.101764010323443,3.365979618842218,0.8947478575943799,4737,2.798293528552178,40.4526364643912,-114.10151081016669,1.9191368446975288
7.759928466689759,19.409668743941367,6.01724296690689,1.325962560220332,4109,4.656790688622025,38.385498900344885,-124.2294192129743,2.2691620827230685
6.270255078351713,5.670685739658341,6.341063992775082,1.2598686093869977,2269,4.3234273189315875,37.85225583177008,-118.16294753173823,1.5661579725352557
9.379357509986773,47.78299234857438,6.097451730048073,1.4696302347584207,2272,4.947004409668665,38.43383345708805,-117.57518719266106,0.9363455193444113
2.5494175990272954,7.977750176867032,5.317470219002862,0.8482706114494949,223,4.139868908887283,40.71211584524946,-117.27552165072164,1.305642368487127
14.654329903493247,49.46210504486093,4.8989289008961485,0.839938304805878,3258,2.876183203597728,38.075896812309615,-123.23593042271456,4.088813203834187
14.813845050474638,23.746294420855744,7.316668247859126,0.9975309522852401,885,3.567232418981232,38.0190286089377,-114.64543727353212,3.5489561233269913
